Country,ISO3,EarlyEd_Attendance,EarlyEd_Year,School_Internet,School_Computers,UIS_Year,ICT_Avg,GDPpc,GDP_Year,EarlyEd_Norm,Internet_Norm,GDPpc_Norm,Readiness_Index,Data_Completeness
Monaco,MCO,,,100.0,100.0,2024.0,100.0,256580.515122745,2023.0,,1.0,1.0,1.0,Missing EarlyEd
Saint Lucia,,85.3,2012.0,,,,,,,0.9137931034482759,,,0.9137931034482759,Missing Internet/ICT & GDP
Bermuda,BMU,,,100.0,100.0,2016.0,100.0,138934.958846463,2024.0,,1.0,0.5412115466892136,0.8470705155630711,Missing EarlyEd
Luxembourg,LUX,,,100.0,100.0,2021.0,100.0,137516.587324367,2024.0,,1.0,0.535680249992258,0.8452267499974193,Missing EarlyEd
Turks and Caicos Islands,TCA,93.3,2020.0,100.0,100.0,2024.0,100.0,37506.7798431288,2024.0,1.0,1.0,0.14566683730990299,0.8291333674619806,Full
Qatar,QAT,84.3,2023.0,100.0,100.0,2024.0,100.0,76275.9076782833,2024.0,0.9030172413793104,1.0,0.29685680791897234,0.8205782581355188,Full
Liechtenstein,LIE,,,,,,,207973.617746758,2023.0,,,0.8104451712991639,0.8104451712991639,Missing EarlyEd & Internet/ICT
Uruguay,URY,90.9,2023.0,100.0,100.0,2023.0,100.0,23906.5133029408,2024.0,0.9741379310344829,1.0,0.09262917530136995,0.8081810074740672,Full
Switzerland,CHE,,,100.0,100.0,2019.0,100.0,103669.872008144,2024.0,,1.0,0.40368646577219824,0.8012288219240661,Missing EarlyEd
Belarus,BLR,91.0,2019.0,99.96427295462664,100.0,2024.0,99.98213647731332,8316.64776291533,2024.0,0.9752155172413793,0.9998213647731332,0.03183257129165789,0.7963812670641366,Full
Cayman Islands,CYM,,,100.0,100.0,2024.0,100.0,97749.5078960846,2023.0,,1.0,0.380598516001876,0.793532838667292,Missing EarlyEd
Singapore,SGP,,,100.0,100.0,2023.0,100.0,90674.066632628,2024.0,,1.0,0.35300605219364456,0.7843353507312149,Missing EarlyEd
Democratic People's Republic of Korea,,72.7,2017.0,,,,,,,0.7780172413793104,,,0.7780172413793104,Missing Internet/ICT & GDP
United States,USA,,,,99.60211181640624,2023.0,99.60211181640624,85809.9003846356,2024.0,,0.9960211181640624,0.3340370117963842,0.7753597493748363,Missing EarlyEd
Norway,NOR,,,,98.9645004272461,2023.0,98.9645004272461,86809.7246897431,2024.0,,0.9896450042724609,0.3379360782893468,0.7724086956114229,Missing EarlyEd
Mongolia,MNG,83.2,2023.0,100.0,100.0,2024.0,100.0,6691.48209834228,2024.0,0.8911637931034483,1.0,0.025494828794421002,0.7615644830002636,Full
"Macao SAR, China",MAC,,,100.0,100.0,2024.0,100.0,73046.8890267079,2024.0,,1.0,0.2842644370742214,0.7614214790247404,Missing EarlyEd
Denmark,DNK,,,,99.4831314086914,2023.0,99.4831314086914,71851.7562131368,2024.0,,0.994831314086914,0.2796037159012807,0.7564221146917028,Missing EarlyEd
Republic of Moldova,,70.6,2012.0,,,,,,,0.7553879310344828,,,0.7553879310344828,Missing Internet/ICT & GDP
Maldives,MDV,78.1,2017.0,100.0,100.0,2024.0,100.0,13215.5353637008,2024.0,0.8362068965517241,1.0,0.05093701634209005,0.7446701618891077,Full
Romania,ROU,76.2,2023.0,,100.0,2023.0,100.0,20072.4079244042,2024.0,0.8157327586206897,1.0,0.07767711648906438,0.7418285267460888,Full
Georgia,GEO,77.9,2018.0,100.0,100.0,2024.0,100.0,9193.66366361489,2024.0,0.8340517241379312,1.0,0.035252715505741015,0.7406712327563206,Full
Austria,AUT,,,100.0,100.0,2022.0,100.0,56833.1960472053,2024.0,,1.0,0.22103506097222214,0.740345020324074,Missing EarlyEd
Belgium,BEL,,,100.0,100.0,2022.0,100.0,55954.6106261018,2024.0,,1.0,0.21760879601833924,0.7392029320061131,Missing EarlyEd
San Marino,SMR,,,100.0,100.0,2024.0,100.0,54264.570495898,2022.0,,1.0,0.21101805921610542,0.7370060197387017,Missing EarlyEd
"Hong Kong SAR, China",HKG,,,100.0,100.0,2024.0,100.0,54107.034521746,2024.0,,1.0,0.21040370803948918,0.736801236013163,Missing EarlyEd
Finland,FIN,,,,100.0,2023.0,100.0,53188.6186245158,2024.0,,1.0,0.2068221141202361,0.735607371373412,Missing EarlyEd
Netherlands,NLD,,,,96.95735931396484,2023.0,96.95735931396484,68218.7261019406,2024.0,,0.9695735931396484,0.2654358006964524,0.7348609956585831,Missing EarlyEd
Sweden,SWE,,,,98.80616760253906,2023.0,98.80616760253906,57723.2345031532,2024.0,,0.9880616760253906,0.22450598991774476,0.7335431139895087,Missing EarlyEd
United Arab Emirates,ARE,,,100.0,100.0,2024.0,100.0,49377.5643384379,2024.0,,1.0,0.19195994884399756,0.7306533162813325,Missing EarlyEd
Andorra,AND,,,100.0,100.0,2024.0,100.0,49303.6733899464,2024.0,,1.0,0.19167179249500238,0.7305572641650008,Missing EarlyEd
Viet Nam,VNM,80.5,2021.0,95.47213303696384,94.7559068082654,2024.0,95.11401992261462,4717.29028732449,2024.0,0.8620689655172414,0.9511401992261461,0.01779597100340834,0.7288428600980367,Full
Thailand,THA,74.8,2022.0,99.93543805281168,99.93543805281168,2025.0,99.93543805281168,7345.13569000377,2024.0,0.8006465517241379,0.9993543805281168,0.028043915473183,0.7256091559955385,Full
New Zealand,NZL,,,,99.0671615600586,2023.0,99.0671615600586,48747.0136853042,2024.0,,0.9906716156005859,0.1895009578880966,0.7236147296964228,Missing EarlyEd
Sint Maarten (Dutch part),SXM,,,,100.0,2010.0,100.0,40027.9175992113,2024.0,,1.0,0.15549864845778996,0.71849954948593,Missing EarlyEd
Puerto Rico (US),PRI,,,100.0,100.0,2024.0,100.0,39285.0174585856,2024.0,,1.0,0.15260152240160807,0.717533840800536,Missing EarlyEd
Malta,MLT,,,,98.9795913696289,2019.0,98.9795913696289,42347.3073860173,2024.0,,0.989795913696289,0.1645436926277081,0.714711840006762,Missing EarlyEd
Saudi Arabia,SAU,,,100.0,100.0,2024.0,100.0,35057.2252306969,2024.0,,1.0,0.13611418264525327,0.712038060881751,Missing EarlyEd
Japan,JPN,,,,100.0,2023.0,100.0,32475.8924992191,2024.0,,1.0,0.12604762604218023,0.70868254201406,Missing EarlyEd
Kuwait,KWT,,,,100.0,2023.0,100.0,32213.8622292316,2024.0,,1.0,0.12502577306198048,0.7083419243539935,Missing EarlyEd
Estonia,EST,,,100.0,100.0,2021.0,100.0,31170.0915091887,2024.0,,1.0,0.12095532646444836,0.7069851088214828,Missing EarlyEd
Bahrain,BHR,,,100.0,100.0,2024.0,100.0,30048.2177718844,2024.0,,1.0,0.11658029749574604,0.7055267658319153,Missing EarlyEd
Venezuela (Bolivarian Republic of),,65.7,2011.0,,,,,,,0.7025862068965518,,,0.7025862068965518,Missing Internet/ICT & GDP
Australia,AUS,,,,92.68235778808594,2023.0,92.68235778808594,64407.484256932,2024.0,,0.9268235778808593,0.25057290398696264,0.7014066865828937,Missing EarlyEd
Slovak Republic,SVK,,,100.0,100.0,2024.0,100.0,26147.9028430133,2024.0,,1.0,0.10137003787965464,0.7004566792932182,Missing EarlyEd
St. Kitts and Nevis,KNA,,,100.0,100.0,2024.0,100.0,22771.4168922033,2024.0,,1.0,0.08820258119000467,0.6960675270633349,Missing EarlyEd
Aruba,ABW,,,97.61904761904762,97.61904761904762,2024.0,97.61904761904762,33984.7906198041,2023.0,,0.9761904761904762,0.13193195399181404,0.694770968790922,Missing EarlyEd
"Korea, Rep.",KOR,,,,97.48152160644533,2023.0,97.48152160644533,33121.3712885508,2023.0,,0.9748152160644533,0.12856483302199126,0.6927317550502993,Missing EarlyEd
Latvia,LVA,,,,99.31462097167967,2023.0,99.31462097167967,23367.5986788961,2024.0,,0.9931462097167967,0.09052754210197067,0.6922733205118546,Missing EarlyEd
Seychelles,SYC,,,100.0,100.0,2024.0,100.0,17858.8226383978,2024.0,,1.0,0.06904468359671267,0.6896815611989042,Missing EarlyEd
Turkiye,TUR,,,,100.0,2023.0,100.0,15473.2872636856,2024.0,,1.0,0.05974168806059461,0.6865805626868648,Missing EarlyEd
St. Lucia,LCA,,,100.0,100.0,2023.0,100.0,14181.6303351598,2024.0,,1.0,0.054704546810186126,0.6849015156033953,Missing EarlyEd
St. Vincent and the Grenadines,VCT,,,100.0,100.0,2018.0,100.0,11501.2265187188,2024.0,,1.0,0.04425163757912818,0.681417212526376,Missing EarlyEd
Poland,POL,,,,97.26215362548828,2023.0,97.26215362548828,25022.6716445953,2024.0,,0.9726215362548828,0.09698191564640277,0.6807416627187227,Missing EarlyEd
Dominica,DMA,,,100.0,100.0,2023.0,100.0,10405.2787777582,2024.0,,1.0,0.0399777135576891,0.6799925711858963,Missing EarlyEd
Germany,DEU,,,,90.78594207763672,2023.0,90.78594207763672,55800.2194549412,2024.0,,0.9078594207763672,0.21700670879240727,0.6775751834483805,Missing EarlyEd
Armenia,ARM,,,100.0,100.0,2024.0,100.0,8500.60522486719,2024.0,,1.0,0.03254995970916572,0.6775166532363885,Missing EarlyEd
Tuvalu,TUV,72.8,2020.0,90.0,,2025.0,90.0,6344.7750188689,2023.0,0.7790948275862069,0.9,0.02414275728591507,0.6764664824916657,Full
Barbados,BRB,89.7,2012.0,,,,,25365.7949424181,2024.0,0.9612068965517242,,0.09832001129646988,0.6735779347999726,Missing Internet/ICT
Jamaica,JAM,70.9,2022.0,98.91304347826086,82.71739130434783,2023.0,90.81521739130434,7019.74634780454,2024.0,0.7586206896551725,0.9081521739130435,0.026774977845986828,0.6720641409964838,Full
Lithuania,LTU,,,95.0,95.0,2023.0,95.0,29386.2878350187,2024.0,,0.95,0.11399893512604006,0.6713329783753467,Missing EarlyEd
Moldova,MDA,,,98.06560134566864,100.0,2024.0,99.03280067283433,7617.51613089815,2024.0,,0.9903280067283433,0.029106131549552015,0.6699207150020795,Missing EarlyEd
Palau,PLW,,,94.73684210526316,100.0,2023.0,97.36842105263159,15899.4246065324,2023.0,,0.9736842105263159,0.061403517870498504,0.66959064630771,Missing EarlyEd
China,CHN,,,98.89037582246011,95.91000334560051,2024.0,97.40018958403031,13303.1481543868,2024.0,,0.9740018958403032,0.05127868446795343,0.6664274920495199,Missing EarlyEd
Mauritius,MUS,,,100.0,92.39766081871343,2024.0,96.19883040935672,11871.733679438,2024.0,,0.9619883040935672,0.04569652349396661,0.6565577105603669,Missing EarlyEd
Canada,CAN,,,,86.80811309814453,2023.0,86.80811309814453,54282.6176051733,2024.0,,0.8680811309814453,0.21108843846044936,0.64908356680778,Missing EarlyEd
Kazakhstan,KAZ,55.3,2015.0,100.0,100.0,2025.0,100.0,14005.3487362345,2024.0,0.5905172413793104,1.0,0.05401709235225352,0.647010315022175,Full
Hungary,HUN,,,,91.92855072021484,2023.0,91.92855072021484,23310.7512733957,2024.0,,0.9192855072021484,0.09030585133803726,0.6429589552474446,Missing EarlyEd
Ireland,IRL,,,,75.00682067871094,2023.0,75.00682067871094,107316.337306921,2024.0,,0.7500682067871094,0.4179067748720893,0.6393477294821026,Missing EarlyEd
Malaysia,MYS,53.1,2016.0,100.0,100.0,2024.0,100.0,11867.2586435443,2024.0,0.5668103448275862,1.0,0.04567907196531423,0.6358599523240974,Full
Antigua and Barbuda,ATG,,,90.0,90.0,2018.0,90.0,23725.7903725506,2024.0,,0.9,0.09192440075368712,0.6306414669178957,Missing EarlyEd
West Bank and Gaza,PSE,,,98.02409638554217,89.97590361445783,2023.0,94.0,2592.30591217647,2024.0,,0.94,0.009509059660201942,0.6298363532200673,Missing EarlyEd
Tanzania,TZA,,,,93.11981201171876,2021.0,93.11981201171876,1185.74548339844,2024.0,,0.9311981201171876,0.004023823294012665,0.6221400211761293,Missing EarlyEd
Czechia,CZE,,,,85.07776641845703,2023.0,85.07776641845703,31706.6234229743,2024.0,,0.8507776641845703,0.12304766768556082,0.6082009986849005,Missing EarlyEd
Ukraine,UKR,51.9,2012.0,99.43977591036416,88.23529411764706,2024.0,93.83753501400561,5389.47314453125,2024.0,0.5538793103448276,0.9383753501400561,0.020417317216228175,0.6009853276371991,Full
Uzbekistan,UZB,46.1,2022.0,99.98172347619484,99.98172347619484,2025.0,99.98172347619484,3161.70010632875,2024.0,0.4913793103448276,0.9998172347619484,0.011729555613706408,0.5988245291654517,Full
Spain,ESP,,,,81.2398910522461,2023.0,81.2398910522461,35297.0094995565,2024.0,,0.8123989105224609,0.13704928174563918,0.5872823675968537,Missing EarlyEd
Cyprus,CYP,,,,79.70411682128906,2023.0,79.70411682128906,38654.16796875,2024.0,,0.7970411682128906,0.15014136605678297,0.5814079008275214,Missing EarlyEd
Lebanon,LBN,61.7,2009.0,84.11867364746945,68.06282722513089,2024.0,76.09075043630017,3477.72489842684,2023.0,0.6594827586206897,0.7609075043630017,0.012961973821106018,0.5707484999576978,Full
Costa Rica,CRI,44.2,2018.0,86.29441833496094,96.7851104736328,2020.0,91.53976440429688,18587.1532203614,2024.0,0.47090517241379315,0.9153976440429688,0.07188499199232516,0.5688981249811699,Full
Chile,CHL,66.5,2022.0,,67.8634262084961,2023.0,67.8634262084961,16709.8893972307,2024.0,0.7112068965517242,0.6786342620849609,0.06456412928291856,0.5688492893112578,Full
Cabo Verde,CPV,87.5,2018.0,35.38461538461539,53.33333333333334,2022.0,44.358974358974365,5272.85253011419,2024.0,0.9375,0.4435897435897436,0.01996252578163369,0.5564284025922243,Full
Tunisia,TUN,47.2,2023.0,81.2452392578125,93.48818969726562,2023.0,87.36671447753906,4350.3717971875,2024.0,0.5032327586206897,0.8736671447753906,0.01636508001262796,0.5540329773609578,Full
Brazil,BRA,91.5,2022.0,,37.61346817016602,2023.0,37.61346817016602,10280.3148624429,2024.0,0.9806034482758621,0.3761346817016602,0.03949038532157174,0.5505933290553233,Full
Italy,ITA,,,,73.84005737304688,2023.0,73.84005737304688,40226.0472416173,2024.0,,0.7384005737304687,0.1562713048595413,0.5443574841068263,Missing EarlyEd
Croatia,HRV,83.5,2022.0,,41.94318008422852,2021.0,41.94318008422852,23931.4528382746,2024.0,0.894396551724138,0.4194318008422852,0.09272643329567289,0.5440766276857039,Full
Argentina,ARG,64.4,2020.0,64.75566855908885,62.47431298108739,2023.0,63.61499077008811,13858.2039802008,2024.0,0.6885775862068967,0.6361499077008811,0.05344326434573744,0.5405796504322585,Full
Nepal,NPL,61.9,2019.0,78.20972155612604,58.91894941744012,2025.0,68.56433548678308,1447.31004458428,2024.0,0.6616379310344828,0.6856433548678308,0.0050438601255403115,0.5399212863860335,Full
Oman,OMN,29.2,2014.0,100.0,100.0,2024.0,100.0,20248.4168124608,2024.0,0.30926724137931033,1.0,0.07836350744233424,0.5393795980401911,Full
Serbia,SRB,60.6,2019.0,,66.1623306274414,2023.0,66.1623306274414,13523.7246826854,2024.0,0.6476293103448276,0.661623306274414,0.052138878150213064,0.5341288222777393,Full
Peru,PER,65.0,2023.0,46.65639877319336,75.00315856933594,2024.0,60.82977867126465,8452.37167047598,2024.0,0.6950431034482759,0.6082977867126464,0.032361860825389305,0.5278087282294469,Full
Egypt,,48.3,2021.0,,,,,,,0.5150862068965517,,,0.5150862068965517,Missing Internet/ICT & GDP
Portugal,PRT,,,,70.97283935546875,2023.0,70.97283935546875,28844.4979246799,2024.0,,0.7097283935546875,0.11188608902414408,0.5104476253778397,Missing EarlyEd
Ecuador,ECU,53.8,2024.0,59.44951531875752,76.10556852755961,2024.0,67.77754192315857,6874.705739766,2024.0,0.5743534482758621,0.6777754192315857,0.02620935549410652,0.5060934181018005,Full
Bulgaria,BGR,,,,72.49639129638672,2023.0,72.49639129638672,17412.4115085691,2024.0,,0.7249639129638672,0.06730379105238356,0.5057438723267059,Missing EarlyEd
Cuba,CUB,49.7,2019.0,39.39975332328354,100.0,2024.0,69.69987666164177,9605.26125067263,2020.0,0.5301724137931035,0.6969987666164177,0.03685784387887909,0.49824004093958435,Full
Morocco,MAR,38.5,2006.0,75.41036629740438,82.02474326837552,2024.0,78.71755478288995,3993.38745117188,2024.0,0.40948275862068967,0.7871755478288995,0.014972929716869714,0.48165790852320967,Full
El Salvador,SLV,20.1,2021.0,94.37130737304688,99.61131286621094,2019.0,96.9913101196289,5579.65969165029,2024.0,0.21120689655172417,0.969913101196289,0.021158997518953344,0.476679798602996,Full
Tonga,TON,35.3,2019.0,76.74418604651163,82.94573643410853,2024.0,79.84496124031008,4863.76384632192,2023.0,0.375,0.7984496124031009,0.018367181508168434,0.4730532812628741,Full
Guyana,GUY,46.7,2020.0,79.32584269662921,45.61797752808989,2024.0,62.47191011235955,29883.6341152001,2024.0,0.49784482758620696,0.6247191011235955,0.11593846210747949,0.4722132639054169,Full
Azerbaijan,AZE,25.6,2023.0,76.79782903663501,99.72862957937583,2024.0,88.26322930800542,7283.83562954872,2024.0,0.27047413793103453,0.8826322930800542,0.02780486046070141,0.4668035444965758,Full
Sri Lanka,LKA,53.2,2019.0,40.66949244647321,77.35028801217258,2023.0,59.00989022932289,4515.56787322732,2024.0,0.5678879310344828,0.5900989022932289,0.017009303684292466,0.4665965940679432,Full
Israel,ISR,,,,59.14284896850586,2022.0,59.14284896850586,54176.6844383302,2024.0,,0.5914284896850586,0.2106753254172663,0.4645107682624611,Missing EarlyEd
Rwanda,RWA,34.5,2020.0,59.44073249195744,97.9460529571888,2024.0,78.69339272457312,999.654561402699,2024.0,0.3663793103448276,0.7869339272457312,0.0032981149121584113,0.4619849180186552,Full
Turkmenistan,TKM,40.8,2019.0,41.66228300894267,98.5796948974224,2024.0,70.12098895318253,8571.60702949432,2024.0,0.43426724137931033,0.7012098895318253,0.032826849114581565,0.4607562221873706,Full
Fiji,FJI,21.5,2021.0,89.66442953020135,,2024.0,89.66442953020135,6288.39867264416,2024.0,0.22629310344827586,0.8966442953020135,0.0239229035361736,0.45395954020735046,Full
Haiti,HTI,62.7,2017.0,,,,,2142.62330526788,2024.0,0.6702586206896552,,0.007755409167701805,0.4494242168490041,Missing Internet/ICT
Kyrgyz Republic,KGZ,,,41.36851520572451,88.81932021466905,2017.0,65.09391771019678,2419.26553574523,2024.0,,0.6509391771019678,0.008834245165069072,0.4369041997896682,Missing EarlyEd
Namibia,NAM,,,62.27777777777778,64.16666666666667,2024.0,63.22222222222223,4413.1274418646,2024.0,,0.6322222222222222,0.016609811442094898,0.4270180852955131,Missing EarlyEd
France,FRA,,,,54.89677810668945,2023.0,54.89677810668945,46150.4876861593,2024.0,,0.5489677810668945,0.1793751513142269,0.42577023781600526,Missing EarlyEd
Slovenia,SVN,,,,57.00880813598633,2023.0,57.00880813598633,34089.3527652778,2024.0,,0.5700880813598633,0.1323397203921367,0.42417196103728777,Missing EarlyEd
Grenada,GRD,,,100.0,22.07792207792208,2024.0,61.03896103896104,11871.6117006031,2024.0,,0.6103896103896104,0.0456960478068028,0.42215842286200783,Missing EarlyEd
Montenegro,MNE,52.8,2018.0,,44.92753982543945,2023.0,44.92753982543945,12935.4522712126,2024.0,0.5635775862068966,0.44927539825439455,0.049844761837386176,0.4151101461519937,Full
Mexico,MEX,58.0,2023.0,29.61473083496094,47.00154113769531,2021.0,38.308135986328125,14157.9445835849,2024.0,0.6196120689655172,0.38308135986328123,0.05461217826117751,0.4119998071837549,Full
Colombia,COL,35.8,2019.0,47.16794967651367,77.97566223144531,2022.0,62.57180595397949,7913.98801464547,2024.0,0.38038793103448276,0.6257180595397949,0.030262298270164398,0.40849485588374396,Full
Samoa,WSM,25.9,2020.0,51.12359550561798,94.3820224719101,2024.0,72.75280898876404,4898.77140817676,2024.0,0.27370689655172414,0.7275280898876404,0.01850370230560379,0.4041947350368666,Full
Jordan,JOR,12.8,2018.0,100.0,72.56025286448045,2024.0,86.28012643224022,4618.09592498567,2024.0,0.13254310344827588,0.8628012643224022,0.017409137624273287,0.4016195746331259,Full
Belize,BLZ,54.8,2016.0,,,,,8429.67959707387,2024.0,0.5851293103448276,,0.03227336737448394,0.4008439960213797,Missing Internet/ICT
Ghana,GHA,70.9,2018.0,23.25499274139758,,2019.0,23.25499274139758,2405.79466378083,2024.0,0.7586206896551725,0.2325499274139758,0.008781712109772187,0.3982245892496138,Full
Kiribati,KIR,72.2,2019.0,13.4020618556701,29.89690721649485,2024.0,21.649484536082475,2288.63458265531,2024.0,0.7726293103448276,0.21649484536082475,0.008324816888986187,0.39731462566005826,Full
Dominican Republic,DOM,48.2,2019.0,64.77032734952482,24.81520591341077,2024.0,44.7927666314678,10875.6618443092,2024.0,0.5140086206896552,0.447927666314678,0.0418120907020303,0.39313693294213936,Full
Bhutan,BTN,9.5,2010.0,87.56613756613757,85.71428571428571,2024.0,86.64021164021165,3839.4093039286,2023.0,0.09698275862068965,0.8664021164021165,0.014372453181644667,0.3882284406454514,Full
Congo,,36.4,2015.0,,,,,,,0.38685344827586204,,,0.38685344827586204,Missing Internet/ICT & GDP
Sao Tome and Principe,STP,34.9,2019.0,,58.69564819335938,2017.0,58.69564819335938,3244.82899741459,2024.0,0.3706896551724138,0.5869564819335938,0.012053737644663427,0.38546920237133575,Full
India,IND,49.2,2021.0,43.46418937539624,42.7283871677181,2024.0,43.09628827155717,2696.66389984463,2024.0,0.5247844827586208,0.4309628827155717,0.009916029895783664,0.38428215216883377,Full
Albania,ALB,72.5,2018.0,,15.42119979858398,2023.0,15.42119979858398,10011.6279856667,2024.0,0.7758620689655172,0.15421199798583982,0.038442573228001736,0.3797181414261432,Full
Bangladesh,BGD,18.9,2019.0,70.89969394723752,77.49964167376294,2024.0,74.19966781050023,2593.41607390407,2024.0,0.1982758620689655,0.7419966781050022,0.009513389015241364,0.3780116938726354,Full
Philippines,PHL,18.9,2022.0,74.20505441501327,72.66886893784326,2024.0,73.43696167642827,3984.8315387656,2024.0,0.1982758620689655,0.7343696167642827,0.014939563783265546,0.3760461042899524,Full
"Egypt, Arab Rep.",EGY,,,32.5140545728781,78.44851227204168,2024.0,55.481283422459896,3338.47371395895,2024.0,,0.5548128342245989,0.012418928783402389,0.37401486574420006,Missing EarlyEd
South Africa,ZAF,48.1,2015.0,,39.35686111450195,2023.0,39.35686111450195,6253.37158194543,2024.0,0.5129310344827587,0.3935686111450195,0.023786306581096883,0.3673571195673307,Full
State of Palestine,,34.2,2020.0,,,,,,,0.36314655172413796,,,0.36314655172413796,Missing Internet/ICT & GDP
Kenya,KEN,35.9,2022.0,31.92015743604161,65.40342985662075,2023.0,48.661793646331176,2206.1349785176,2024.0,0.3814655172413793,0.48661793646331175,0.008003088920849383,0.3488339992660463,Full
Isle of Man,IMN,,,,,,,88328.548125887,2022.0,,,0.3438591125048016,0.3438591125048016,Missing EarlyEd & Internet/ICT
"Iran, Islamic Rep.",IRN,,,,49.8055305480957,2023.0,49.8055305480957,4771.40029026226,2024.0,,0.49805530548095706,0.018006986577155652,0.3380391991796899,Missing EarlyEd
Panama,PAN,36.8,2013.0,40.86021505376344,42.39247311827958,2023.0,41.62634408602151,19102.8521936399,2024.0,0.39116379310344823,0.4162634408602151,0.07389608991912465,0.3377501115692903,Full
Türkiye,,31.6,2022.0,,,,,,,0.3351293103448276,,,0.3351293103448276,Missing Internet/ICT & GDP
Kyrgyzstan,,31.6,2023.0,,,,,,,0.3351293103448276,,,0.3351293103448276,Missing Internet/ICT & GDP
Botswana,BWA,24.1,2017.0,62.10153482880756,51.357733175915,2022.0,56.72963400236128,7695.2420641819,2024.0,0.25431034482758624,0.5672963400236128,0.029409243386854605,0.33452452261785054,Full
Suriname,SUR,45.7,2018.0,,,,,7430.70219176443,2024.0,0.48706896551724144,,0.028377603580414145,0.3341718448716323,Missing Internet/ICT
"Venezuela, RB",VEN,,,47.02455139160156,47.02455139160156,2024.0,47.02455139160156,15943.6127197163,2014.0,,0.4702455139160156,0.06157584053821367,0.3340222894567483,Missing EarlyEd
Lesotho,LSO,45.8,2018.0,,,,,971.814620468788,2024.0,0.4881465517241379,,0.0031895460563034815,0.3264942165015264,Missing Internet/ICT
Iceland,ISL,,,,,,,82703.8579937471,2024.0,,,0.3219242178283151,0.3219242178283151,Missing EarlyEd & Internet/ICT
North America,NAC,,,,,,,82406.4788664869,2024.0,,,0.3207645130833079,0.3207645130833079,Missing EarlyEd & Internet/ICT
Algeria,DZA,14.3,2019.0,60.71290384987426,67.6484813310118,2025.0,64.18069259044303,5631.17999109851,2024.0,0.14870689655172414,0.6418069259044303,0.0213599138922199,0.3204775117609058,Full
Trinidad and Tobago,TTO,59.3,2022.0,,11.64818000793457,2016.0,11.64818000793457,19314.7163432664,2024.0,0.6336206896551724,0.11648180007934571,0.07472230748820033,0.31498545739144734,Full
North Macedonia,MKD,36.8,2019.0,,37.8231315612793,2023.0,37.8231315612793,9310.02790015256,2024.0,0.39116379310344823,0.378231315612793,0.035706507130274914,0.31489934491255145,Full
Zimbabwe,ZWE,28.4,2019.0,35.25081108060893,50.26204142750187,2024.0,42.7564262540554,2656.40937654332,2024.0,0.3006465517241379,0.42756426254055396,0.009759047251740573,0.2932361351562249,Full
Channel Islands,CHI,,,,,,,74589.1381155014,2023.0,,,0.29027882551746925,0.29027882551746925,Missing EarlyEd & Internet/ICT
Lao People's Democratic Republic,,26.9,2023.0,,,,,,,0.28448275862068967,,,0.28448275862068967,Missing Internet/ICT & GDP
Vanuatu,VUT,39.3,2023.0,,,,,3542.81071592874,2024.0,0.41810344827586204,,0.01321579234591319,0.2831408962992124,Missing Internet/ICT
Faroe Islands,FRO,,,,,,,71774.3522353393,2023.0,,,0.27930185961041987,0.27930185961041987,Missing EarlyEd & Internet/ICT
Russian Federation,RUS,,,,37.86959838867188,2021.0,37.86959838867188,14889.0185546875,2024.0,,0.3786959838867188,0.057463185193137215,0.2716183843221916,Missing EarlyEd
Nigeria,NGA,37.8,2021.0,,,,,806.945695055244,2024.0,0.40193965517241376,,0.002546598190836669,0.2688086361785547,Missing Internet/ICT
Uganda,UGA,36.6,2016.0,,,,,1072.71369837695,2024.0,0.3890086206896552,,0.0035830274028088986,0.2605334229273731,Missing Internet/ICT
Gabon,GAB,50.9,2021.0,12.19921656407387,4.644655847789592,2019.0,8.42193620593173,8218.76307061848,2024.0,0.5431034482758621,0.08421936205931731,0.03145084530044229,0.2572192931941602,Full
Gambia,,23.8,2018.0,,,,,,,0.2510775862068966,,,0.2510775862068966,Missing Internet/ICT & GDP
Paraguay,PRY,31.1,2016.0,24.21010971069336,32.34096908569336,2019.0,28.27553939819336,6416.09709002917,2024.0,0.32974137931034486,0.2827553939819336,0.024420895651274983,0.24988288844716638,Full
Indonesia,IDN,12.7,2023.0,80.71575108274448,12.19512195121951,2025.0,46.45543651698199,4925.43048751861,2024.0,0.1314655172413793,0.4645543651698199,0.01860766609450554,0.24212948618338082,Full
Timor-Leste,TLS,14.3,2016.0,57.52636625119847,28.76318312559923,2023.0,43.14477468839885,1343.14886031844,2024.0,0.14870689655172414,0.43144774688398846,0.004637657374353364,0.23298938884915574,Full
Guatemala,GTM,,,29.72069931030273,37.37294006347656,2019.0,33.54681968688965,6150.02597767851,2024.0,,0.3354681968688965,0.023383284389364104,0.23143989270905235,Missing EarlyEd
Djibouti,DJI,13.5,2006.0,43.05556106567383,43.05556106567383,2023.0,43.05556106567383,3496.47111876763,2024.0,0.14008620689655174,0.4305556106567383,0.013035079424987703,0.23086374290631356,Full
Greenland,GRL,,,,,,,58498.9743142433,2023.0,,,0.2275311825333147,0.2275311825333147,Missing EarlyEd & Internet/ICT
Bolivia (Plurinational State of),,21.1,2016.0,,,,,,,0.22198275862068967,,,0.22198275862068967,Missing Internet/ICT & GDP
Post-demographic dividend,PST,,,,,,,55865.7865373976,2024.0,,,0.21726240413101935,0.21726240413101935,Missing EarlyEd & Internet/ICT
Zambia,ZMB,,,32.04815073272854,29.45743196092114,2024.0,30.75279134682484,1235.08466482514,2024.0,,0.30752791346824837,0.0042162338486554304,0.20642402026171738,Missing EarlyEd
United Kingdom,GBR,,,,,,,52636.7865943853,2024.0,,,0.2046701062450184,0.2046701062450184,Missing EarlyEd & Internet/ICT
Bosnia and Herzegovina,BIH,13.1,2012.0,,34.55255889892578,2023.0,34.55255889892578,8957.37294188215,2024.0,0.13577586206896552,0.34552558898925784,0.03433124037156029,0.1993868284976014,Full
High income,HIC,,,,,,,50443.9276011316,2024.0,,,0.1961185007472225,0.1961185007472225,Missing EarlyEd & Internet/ICT
Comoros,COM,31.1,2022.0,14.21319796954315,,2024.0,14.21319796954315,1784.11546860293,2024.0,0.32974137931034486,0.1421319796954315,0.006357317636755741,0.19002080712966168,Full
Iran (Islamic Republic of),,18.0,2017.0,,,,,,,0.18857758620689655,,,0.18857758620689655,Missing Internet/ICT & GDP
OECD members,OED,,,,,,,48454.6975400673,2024.0,,,0.1883609975156363,0.1883609975156363,Missing EarlyEd & Internet/ICT
Cameroon,CMR,27.6,2014.0,,16.68931774938842,2022.0,16.68931774938842,1762.3683508844,2024.0,0.2920258620689655,0.1668931774938842,0.0062725092783454915,0.184822117680809,Full
Euro area,EMU,,,,,,,46724.355622795,2024.0,,,0.1816130937524049,0.1816130937524049,Missing EarlyEd & Internet/ICT
Virgin Islands (U.S.),VIR,,,,,,,44320.909185774,2022.0,,,0.17224024952132624,0.17224024952132624,Missing EarlyEd & Internet/ICT
Honduras,HND,13.6,2019.0,24.70723915100098,31.10708045959473,2019.0,27.907159805297855,3426.43483328923,2024.0,0.1411637931034483,0.27907159805297854,0.012761955304474316,0.1706465475234656,Full
European Union,EUU,,,,,,,43145.1566930223,2024.0,,,0.16765510678666093,0.16765510678666093,Missing EarlyEd & Internet/ICT
Guam,GUM,,,,,,,41833.1517132825,2022.0,,,0.16253861318976487,0.16253861318976487,Missing EarlyEd & Internet/ICT
Sudan,SDN,22.3,2014.0,,,,,989.312866210938,2024.0,0.2349137931034483,,0.003257784869173216,0.15769512369202324,Missing Internet/ICT
Syrian Arab Republic,SYR,7.5,2006.0,8.234800338745117,55.05348968505859,2024.0,31.644145011901852,847.372723418531,2023.0,0.07543103448275862,0.31644145011901853,0.0027042535617814623,0.15728984455306716,Full
Kosovo under UNSC res. 1244,,15.0,2020.0,,,,,,,0.15625,,,0.15625,Missing Internet/ICT & GDP
Senegal,SEN,17.6,2023.0,27.7703246579018,12.5391288793489,2024.0,20.15472676862535,1743.98888384359,2024.0,0.18426724137931036,0.20154726768625347,0.006200833921254,0.15556597041047632,Full
"Bahamas, The",BHS,,,,,,,39455.4466548546,2024.0,,,0.1532661539425702,0.1532661539425702,Missing EarlyEd & Internet/ICT
"Micronesia, Fed. Sts.",FSM,,,7.638888888888889,36.11111111111111,2024.0,21.875,4166.00476748564,2024.0,,0.21875,0.015646094382607407,0.1510486981275358,Missing EarlyEd
Malawi,MWI,33.6,2020.0,1.783146390566581,1.783146390566581,2023.0,1.783146390566581,508.371273531708,2024.0,0.3566810344827587,0.01783146390566581,0.0013822320950425157,0.1500814457743783,Full
New Caledonia,NCL,,,,,,,33516.363085906,2022.0,,,0.130105202939181,0.130105202939181,Missing EarlyEd & Internet/ICT
Brunei Darussalam,BRN,,,,,,,33417.8357740437,2024.0,,,0.12972097089124868,0.12972097089124868,Missing EarlyEd & Internet/ICT
Marshall Islands,MHL,5.2,2017.0,,25.0,2023.0,25.0,7466.65186507409,2024.0,0.050646551724137935,0.25,0.028517798378558785,0.12596218036536694,Full
Europe & Central Asia,ECS,,,,,,,31392.581963732,2024.0,,,0.12182298398375674,0.12182298398375674,Missing EarlyEd & Internet/ICT
Eswatini,SWZ,9.3,2022.0,11.97604790419162,27.09580838323353,2023.0,19.535928143712574,3936.10969242371,2024.0,0.09482758620689656,0.19535928143712575,0.014749560682144182,0.11902465919403778,Full
Togo,TGO,20.2,2017.0,1.692402717726992,11.41445336627548,2024.0,6.553428042001236,1043.14092889765,2024.0,0.2122844827586207,0.06553428042001236,0.0034677009459586124,0.11182104546064495,Full
Mauritania,MRT,11.9,2015.0,,13.95457738234606,2017.0,13.95457738234606,2082.78374423714,2024.0,0.1228448275862069,0.1395457738234606,0.007522049740273739,0.10646065051192174,Full
Lao PDR,LAO,,,11.76606832657788,17.73016792125073,2025.0,14.748118123914304,2123.97909411797,2024.0,,0.14748118123914306,0.00768270137433153,0.10088168795087255,Missing EarlyEd
Myanmar,MMR,23.2,2016.0,0.2301699966192245,0.511489987373352,2018.0,0.3708299919962883,1359.25961394135,2024.0,0.24461206896551724,0.003708299919962883,0.004700485312528674,0.10026824461669778,Full
Guinea-Bissau,GNB,14.3,2019.0,,,,,962.983627901892,2024.0,0.14870689655172414,,0.003155107378386481,0.10018963349394493,Missing Internet/ICT
Nauru,NRU,20.4,2023.0,0.0,0.0,2024.0,0.0,13421.8330584638,2024.0,0.21443965517241378,0.0,0.05174152611957478,0.09612416729288048,Full
Cambodia,KHM,14.5,2014.0,9.635135135135137,7.283783783783784,2024.0,8.45945945945946,2627.8796974226,2024.0,0.15086206896551724,0.08459459459459459,0.009647788588247075,0.09611222314169415,Full
Greece,GRC,,,,,,,24752.1068401681,2024.0,,,0.09592678010135952,0.09592678010135952,Missing EarlyEd & Internet/ICT
Central Europe and the Baltics,CEB,,,,,,,24543.3040551653,2024.0,,,0.09511250109405517,0.09511250109405517,Missing EarlyEd & Internet/ICT
Northern Mariana Islands,MNP,,,,,,,23785.754590043,2022.0,,,0.0921582463103584,0.0921582463103584,Missing EarlyEd & Internet/ICT
Benin,BEN,12.7,2022.0,,,,,1485.38018980894,2024.0,0.1314655172413793,,0.005192324237554206,0.08937445290677093,Missing Internet/ICT
French Polynesia,PYF,,,,,,,22774.1418988734,2023.0,,,0.08821320803928831,0.08821320803928831,Missing EarlyEd & Internet/ICT
"Congo, Rep.",COG,,,,12.23880958557129,2018.0,12.23880958557129,2482.24894743495,2024.0,,0.1223880958557129,0.009079864829321436,0.08461868551358241,Missing EarlyEd
St. Martin (French part),MAF,,,,,,,21668.3740927942,2021.0,,,0.08390098820260745,0.08390098820260745,Missing EarlyEd & Internet/ICT
Curacao,CUW,,,,,,,21061.741639092,2023.0,,,0.08153527228462959,0.08153527228462959,Missing EarlyEd & Internet/ICT
Madagascar,MDG,14.9,2018.0,,3.935670196500368,2024.0,3.935670196500368,544.997302693127,2024.0,0.15517241379310345,0.03935670196500368,0.001525064513042403,0.07811665920585134,Full
Bolivia,BOL,,,7.520282186948854,14.41269841269841,2013.0,10.966490299823631,4001.21133990795,2024.0,,0.10966490299823631,0.01500344093995125,0.07811108231214128,Missing EarlyEd
Caribbean small states,CSS,,,,,,,20173.9564746676,2024.0,,,0.07807313061646488,0.07807313061646488,Missing EarlyEd & Internet/ICT
Nicaragua,NIC,,,3.467299938201904,17.26753044128418,2022.0,10.367415189743042,2847.53966339498,2024.0,,0.10367415189743041,0.010504407905054075,0.0726175705666383,Missing EarlyEd
Angola,AGO,12.4,2019.0,2.700284668564457,7.019113460756405,2016.0,4.859699064660431,2122.08368991872,2024.0,0.12823275862068967,0.048596990646604304,0.007675309768660252,0.07226696166064965,Full
American Samoa,ASM,,,,,,,18017.4589383973,2022.0,,,0.06966332577087857,0.06966332577087857,Missing EarlyEd & Internet/ICT
"Gambia, The",GMB,,,8.240997229916898,10.45706371191136,2025.0,9.34903047091413,908.525674150965,2024.0,,0.0934903047091413,0.002942734882878164,0.06330778143372025,Missing EarlyEd
Other small states,OSS,,,,,,,15867.6733515992,2024.0,,,0.06127969586138437,0.06127969586138437,Missing EarlyEd & Internet/ICT
Small states,SST,,,,,,,15291.69576976,2024.0,,,0.05903352633082328,0.05903352633082328,Missing EarlyEd & Internet/ICT
Liberia,LBR,,,,8.195648617699984,2020.0,8.195648617699984,846.277368387389,2024.0,,0.08195648617699984,0.0026999819491811215,0.0555376514343936,Missing EarlyEd
Solomon Islands,SLB,,,7.901234567901234,,2024.0,7.901234567901234,2149.37957267304,2024.0,,0.07901234567901234,0.0077817569327265045,0.05526881609691706,Missing EarlyEd
Sierra Leone,SLE,11.5,2017.0,1.465346534653465,1.557755775577558,2024.0,1.5115511551155114,873.388575182318,2024.0,0.11853448275862069,0.015115511551155114,0.002805708922868287,0.05402113950848399,Full
World,WLD,,,,,,,13663.9924550685,2024.0,,,0.05268588762832597,0.05268588762832597,Missing EarlyEd & Internet/ICT
East Asia & Pacific,EAS,,,,,,,13349.0833109152,2024.0,,,0.05145782017085038,0.05145782017085038,Missing EarlyEd & Internet/ICT
Europe & Central Asia (IDA & IBRD countries),TEC,,,,,,,13257.56545104,2024.0,,,0.0511009232449363,0.0511009232449363,Missing EarlyEd & Internet/ICT
Democratic Republic of the Congo,,5.1,2018.0,,,,,,,0.049568965517241374,,,0.049568965517241374,Missing Internet/ICT & GDP
Late-demographic dividend,LTE,,,,,,,12843.3344406811,2024.0,,,0.04948552517490959,0.04948552517490959,Missing EarlyEd & Internet/ICT
Latin America & Caribbean,LCN,,,,,,,11044.6796556507,2024.0,,,0.042471218192279364,0.042471218192279364,Missing EarlyEd & Internet/ICT
Upper middle income,UMC,,,,,,,10961.8184459945,2024.0,,,0.04214808005242178,0.04214808005242178,Missing EarlyEd & Internet/ICT
Central African Republic,CAF,6.3,2019.0,,,,,516.170424537757,2024.0,0.0625,,0.0014126468471203537,0.042137548949040114,Missing Internet/ICT
Tajikistan,TJK,6.1,2012.0,,,,,1341.20229027672,2024.0,0.06034482758620689,,0.004630066234603007,0.041773240469005594,Missing Internet/ICT
Latin America & the Caribbean (IDA & IBRD countries),TLA,,,,,,,10784.3171528207,2024.0,,,0.041455869089819616,0.041455869089819616,Missing EarlyEd & Internet/ICT
East Asia & Pacific (IDA & IBRD countries),TEA,,,,,,,10513.9755660123,2024.0,,,0.04040160403805569,0.04040160403805569,Missing EarlyEd & Internet/ICT
South Sudan,SSD,5.9,2010.0,,,,,1080.14718624765,2015.0,0.0581896551724138,,0.003612016159467874,0.039997108834765156,Missing Internet/ICT
East Asia & Pacific (excluding high income),EAP,,,,,,,10396.8255168912,2024.0,,,0.039944747939595585,0.039944747939595585,Missing EarlyEd & Internet/ICT
Côte d'Ivoire,,4.2,2021.0,,,,,,,0.03987068965517242,,,0.03987068965517242,Missing Internet/ICT & GDP
Latin America & Caribbean (excluding high income),LAC,,,,,,,10344.66889924,2024.0,,,0.039741350083361035,0.039741350083361035,Missing EarlyEd & Internet/ICT
Guinea,GIN,9.1,2016.0,0.0,0.0,2016.0,0.0,1717.02318120779,2024.0,0.09267241379310345,0.0,0.00609567437765285,0.03828810039277195,Full
Afghanistan,AFG,0.9,2023.0,,8.958700180053711,2019.0,8.958700180053711,413.757894705303,2023.0,0.004310344827586207,0.08958700180053711,0.0010132634139617407,0.03776159133404167,Full
Europe & Central Asia (excluding high income),ECA,,,,,,,9668.56270854153,2024.0,,,0.03710470384424649,0.03710470384424649,Missing EarlyEd & Internet/ICT
Mali,MLI,5.3,2015.0,1.447410743004181,6.151495657767771,2023.0,3.799453200385976,1086.1762176779,2024.0,0.05172413793103448,0.03799453200385976,0.0036355278847926336,0.03661457355091623,Full
Cote d'Ivoire,CIV,,,1.206151371997186,8.030957885214594,2024.0,4.61855462860589,2709.89511641252,2024.0,,0.04618554628605889,0.009967628354550322,0.03411290697555604,Missing EarlyEd
IBRD only,IBD,,,,,,,8253.92125275536,2024.0,,,0.03158795347957247,0.03158795347957247,Missing EarlyEd & Internet/ICT
Burundi,BDI,7.2,2017.0,0.0,0.0,2019.0,0.0,153.930217854023,2024.0,0.07219827586206896,0.0,0.0,0.02887931034482759,Full
Arab World,ARB,,,,,,,7521.15330929761,2024.0,,,0.028730340476109763,0.028730340476109763,Missing EarlyEd & Internet/ICT
Kosovo,XKX,,,,,,,7299.43498083118,2024.0,,,0.027865694056750923,0.027865694056750923,Missing EarlyEd & Internet/ICT
Equatorial Guinea,GNQ,,,,,,,6745.40013244916,2024.0,,,0.025705095737401498,0.025705095737401498,Missing EarlyEd & Internet/ICT
Middle income,MIC,,,,,,,6524.2573581605,2024.0,,,0.0248426938364025,0.0248426938364025,Missing EarlyEd & Internet/ICT
IDA & IBRD total,IBT,,,,,,,6340.63327027503,2024.0,,,0.024126605494963264,0.024126605494963264,Missing EarlyEd & Internet/ICT
Libya,LBY,,,,,,,6318.40314031017,2024.0,,,0.024039913508743873,0.024039913508743873,Missing EarlyEd & Internet/ICT
"Middle East, North Africa, Afghanistan & Pakistan",MEA,,,,,,,6180.85878446824,2024.0,,,0.023503524678806658,0.023503524678806658,Missing EarlyEd & Internet/ICT
Low & middle income,LMY,,,,,,,5974.80452228263,2024.0,,,0.022699964227919575,0.022699964227919575,Missing EarlyEd & Internet/ICT
Iraq,IRQ,2.4,2018.0,,,,,6073.61032342708,2024.0,0.020474137931034482,,0.0230852823148921,0.021344519392320353,Missing Internet/ICT
Somalia,,2.3,2006.0,,,,,,,0.019396551724137928,,,0.019396551724137928,Missing Internet/ICT & GDP
Early-demographic dividend,EAR,,,,,,,4510.25268168449,2024.0,,,0.016988575757253228,0.016988575757253228,Missing EarlyEd & Internet/ICT
Pacific island small states,PSS,,,,,,,4399.41105391407,2024.0,,,0.01655632093542369,0.01655632093542369,Missing EarlyEd & Internet/ICT
Niger,NER,2.5,2000.0,0.4315352697095436,2.295988934993085,2024.0,1.3637621023513145,722.748650326257,2024.0,0.021551724137931036,0.013637621023513145,0.0022182506259372818,0.01451938818976513,Full
Mozambique,MOZ,2.2,2023.0,,,,,647.28579950207,2024.0,0.01831896551724138,,0.0019239642482117572,0.012853965094231506,Missing Internet/ICT
Burkina Faso,BFA,2.6,2021.0,0.3761616757633869,0.7523233515267739,2024.0,0.5642425136450804,987.321378101867,2024.0,0.022629310344827586,0.005642425136450804,0.003250018560115169,0.011958697904534391,Full
Papua New Guinea,PNG,,,,,,,3076.48786186584,2024.0,,,0.01139724902196002,0.01139724902196002,Missing EarlyEd & Internet/ICT
"Middle East, North Africa, Afghanistan & Pakistan (IDA & IBRD)",TMN,,,,,,,2905.83377209255,2024.0,,,0.010731740452181322,0.010731740452181322,Missing EarlyEd & Internet/ICT
"Middle East, North Africa, Afghanistan & Pakistan (excluding high income)",MNA,,,,,,,2903.59793979158,2024.0,,,0.010723021261455449,0.010723021261455449,Missing EarlyEd & Internet/ICT
Pakistan,PAK,,,1.501992945654263,1.025917591852169,2024.0,1.2639552687532158,1484.74985864775,2024.0,,0.012639552687532158,0.005189866102562377,0.010156323825875562,Missing EarlyEd
South Asia,SAS,,,,,,,2691.64556264089,2024.0,,,0.009896459626945894,0.009896459626945894,Missing EarlyEd & Internet/ICT
South Asia (IDA & IBRD),TSA,,,,,,,2691.64556264089,2024.0,,,0.009896459626945894,0.009896459626945894,Missing EarlyEd & Internet/ICT
Lower middle income,LMC,,,,,,,2517.63261211924,2024.0,,,0.009217852334390047,0.009217852334390047,Missing EarlyEd & Internet/ICT
Chad,TCD,1.0,2019.0,0.753968253968254,0.8174603174603174,2024.0,0.7857142857142857,1016.08880662712,2024.0,0.005387931034482759,0.007857142857142858,0.003362204387243518,0.005970470434098951,Full
Fragile and conflict affected situations,FCS,,,,,,,1571.8004320986,2024.0,,,0.005529341720830026,0.005529341720830026,Missing EarlyEd & Internet/ICT
Africa Eastern and Southern,AFE,,,,,,,1567.63583892828,2024.0,,,0.005513100841703299,0.005513100841703299,Missing EarlyEd & Internet/ICT
IDA blend,IDB,,,,,,,1565.83627113068,2024.0,,,0.005506082974198386,0.005506082974198386,Missing EarlyEd & Internet/ICT
Sub-Saharan Africa (excluding high income),SSA,,,,,,,1506.22853698028,2024.0,,,0.00527362761403162,0.00527362761403162,Missing EarlyEd & Internet/ICT
IDA total,IDA,,,,,,,1441.90853142035,2024.0,,,0.005022795565615944,0.005022795565615944,Missing EarlyEd & Internet/ICT
Sub-Saharan Africa,SSF,,,,,,,1441.32038465812,2024.0,,,0.005020501939303961,0.005020501939303961,Missing EarlyEd & Internet/ICT
Sub-Saharan Africa (IDA & IBRD countries),TSS,,,,,,,1441.32038465812,2024.0,,,0.005020501939303961,0.005020501939303961,Missing EarlyEd & Internet/ICT
IDA only,IDX,,,,,,,1387.92937311476,2024.0,,,0.004812290253440099,0.004812290253440099,Missing EarlyEd & Internet/ICT
Pre-demographic dividend,PRE,,,,,,,1290.20000126508,2024.0,,,0.0044311699733960925,0.0044311699733960925,Missing EarlyEd & Internet/ICT
Africa Western and Central,AFW,,,,,,,1284.15444092323,2024.0,,,0.004407593789420893,0.004407593789420893,Missing EarlyEd & Internet/ICT
Least developed countries: UN classification,LDC,,,,,,,1258.9400116614,2024.0,,,0.004309263777065964,0.004309263777065964,Missing EarlyEd & Internet/ICT
Heavily indebted poor countries (HIPC),HPC,,,,,,,1202.76979412349,2024.0,,,0.004090213878013013,0.004090213878013013,Missing EarlyEd & Internet/ICT
Ethiopia,ETH,,,,,,,1011.07332413462,2022.0,,,0.003342645251070643,0.003342645251070643,Missing EarlyEd & Internet/ICT
Low income,LIC,,,,,,,746.934788844338,2024.0,,,0.0023125705597579174,0.0023125705597579174,Missing EarlyEd & Internet/ICT
Eritrea,ERI,,,,,,,688.68165957684,2011.0,,,0.0020853978222310963,0.0020853978222310963,Missing EarlyEd & Internet/ICT
"Somalia, Fed. Rep.",SOM,,,,,,,636.983477589273,2024.0,,,0.0018837877512365387,0.0018837877512365387,Missing EarlyEd & Internet/ICT
"Yemen, Rep.",YEM,,,,,,,633.887202450998,2018.0,,,0.001871713047128057,0.001871713047128057,Missing EarlyEd & Internet/ICT
"Congo, Dem. Rep.",COD,,,0.0,0.0,2015.0,0.0,647.435704836002,2024.0,,0.0,0.0019245488417865132,0.0006415162805955044,Missing EarlyEd
Yemen,,0.5,2023.0,,,,,,,0.0,,,0.0,Missing Internet/ICT & GDP
